"中文原文","目前譯文（en）","建議修正（空白＝沒問題）","出現在","安全相關"
"留守人","Trip contact","","index.html app-boot.js guardian.js map-ui.js","★"
"預計下山","Back by","","index.html app-boot.js guardian.js notifications.js","★"
"原路返回","Retrace route","","index.html outdoor.js premium.js record.js","★"
"封閉","Closed","","app-boot.js app.js conditions.js explore.js","★"
"求救卡","SOS card","","index.html app-boot.js map-ui.js outdoor.js","★"
"天黑倒數","Sunset countdown","","index.html outdoor.js premium.js record.js","★"
"撥 112","Call 112","","app-boot.js guardian.js outdoor.js","★"
"體感","feels","","app.js detail.js weather.js","★"
"雷雨","Thunderstorm","","detail.js weather.js","★"
"回報路況","Report conditions","","review.js trail-reports.js","★"
"山友路況回報","Hiker trail reports","","detail.js premium.js trail-reports.js","★"
"天黑了","Dark now","","outdoor.js record.js","★"
"結束原路返回","Stop retracing","","outdoor.js","★"
"預計下山時間到了","It's your planned return time","","guardian.js","★"
"10 分鐘後會通知留守人","Your contacts will be alerted in 10 minutes","","guardian.js","★"
"平安下山了","Back safely","","guardian.js notifications.js","★"
"原路返回中","Retracing route","","outdoor.js record.js","★"
"已結束原路返回","Stopped retracing","","outdoor.js","★"
"「留守人」幫你設預計下山時間，超時會通知家人朋友；「求救卡」一頁就有座標和 112。","“Trip contact” sets a return time and alerts friends if you're late; the “SOS card” puts your coordinates and 112 on one page.","","app-boot.js","★"
"出發前設預計下山時間。超過還沒按結束，會通知你指定的好友，也能把行程傳給家人。","Set a return time before you go. If you haven't finished by then, the friends you chose are alerted — you can also send the plan to family.","","app-boot.js","★"
"迷路或受傷時打開：座標、海拔、一鍵撥 112，照著念就好。","Open it if you're lost or hurt: coordinates, elevation and one-tap 112 — just read it out.","","app-boot.js","★"
"其他收藏步道的路況也有變，到步道頁看看","Other saved trails changed too — check the trail pages","","app-boot.js","★"
"難度、路況、天氣、海拔、會遇到什麼動物、走完去哪吃，都在裡面。","Tap any trail card for its grade, path conditions, weather, elevation, wildlife and nearby sights & food.","","app-boot.js","★"
"數字越大越難。等級照林業署的「自然步道使用困難度分級標準」，看海拔、坡度、路況、天候等 10 項來打分","Higher number, harder trail. Grades follow the Forestry Agency's trail difficulty standard, scored on 10 factors like altitude, slope, trail condition and weather","","app.js","★"
"午後可能有雷雨，早出早歸","Afternoon thunderstorms possible — start early, finish early","","detail.js","★"
"山頂體感最低","Summit feels as cold as","","detail.js","★"
"稜線陣風可達","Ridge gusts up to","","detail.js","★"
"開始有點野了：比較偏遠、部分路況差、坡也陡，海拔約 2,000～3,000 公尺，可能要過夜。","Getting wilder: more remote, rough and steep in places, at about 2,000–3,000 m elevation — you may need to stay overnight.","","grades.js","★"
"3,000 公尺以上的偏遠高山，路況差、險段多，三天起跳，建議跟有經驗的人一起去。","Remote high mountains above 3,000 m with rough paths and many dangerous sections, three days or more — go with experienced hikers.","","grades.js","★"
"開始有點野了：比較偏遠、部分路況差、坡也陡，海拔約 2,000～3,000 公尺，可能要過夜","More remote, rougher and steeper in places, ~2,000–3,000 m — may need overnight prep.","","grades.js","★"
"3,000 公尺以上的偏遠高山，路況差、險段多，三天起跳，建議跟有經驗的人一起去","Remote high mountains (3,000 m+), poor conditions, many dangers, 3+ days — go with professionals.","","grades.js","★"
"平安的話記得按結束。30 分鐘後還沒結束，會通知你的留守人","If you're safe, tap Finish. If you haven't finished in 30 minutes, your contacts will be alerted","","guardian.js","★"
"已通知系統你平安下山，留守結束","Marked as safely back — trip watch ended","","guardian.js","★"
"預計下山改成","Return time changed to","","guardian.js","★"
"取消留守？留守人就不會在你超時的時候收到通知。","Cancel trip watch? Your contacts won't be alerted if you're late.","","guardian.js","★"
"預計下山時間到了。平安的話記得按結束","It's your planned return time. If you're safe, tap Finish","","guardian.js","★"
"10 分鐘後會通知留守人。還在走的話先延後","Your contacts will be alerted in 10 minutes. Still hiking? Push the time back","","guardian.js","★"
"已經通知留守人了。平安的話按結束，他們會收到你平安下山","Your contacts have been alerted. If you're safe, tap Finish and they'll know you're back","","guardian.js","★"
"超過時間了，%d 分鐘後通知留守人","Past your time — contacts alerted in %d min","","guardian.js","★"
"只提醒你自己（沒有雲端留守人）","Reminders for you only (no contacts)","","guardian.js","★"
"我今天去走「%t」，預計%w 下山。","I'm hiking “%t” today and plan to be back by %w.","","guardian.js","★"
"我今天去爬山，預計%w 下山。","I'm going hiking today and plan to be back by %w.","","guardian.js","★"
"超過時間還沒消息，先打給我；聯絡不上請撥 112。","If you haven't heard from me by then, call me first. If you can't reach me, call 112.","","guardian.js","★"
"設定預計下山時間。超過 30 分鐘還沒按結束，會通知你的留守人，附上你最後的位置。","Set a return time. If you haven't tapped Finish 30 minutes after it, your contacts get an alert with your last location.","","guardian.js","★"
"登入社群就能指定好友當留守人。也可以用下面的按鈕把行程傳給家人。","Sign in to Community to pick friends as contacts. You can also send your plan to family with the buttons below.","","guardian.js","★"
"留守人最多 5 位","Up to 5 contacts","","guardian.js","★"
"預計下山時間要在現在之後","The return time needs to be later than now","","guardian.js","★"
"先打電話或傳訊息給他。聯絡不上、又過了一段時間，請撥 112，把步道名稱和最後位置告訴消防局。","Try calling or messaging them first. If you still can't reach them after a while, call 112 and give the trail name and last location.","","guardian.js","★"
"無官方即時路況資料","No official live conditions","","map-ui.js","★"
"目前無封閉公告，通行正常","No closure notices — open as normal","","map-ui.js","★"
"資料來源：林業及自然保育署即時路況","Source: Forestry Agency live trail status","","map-ui.js","★"
"部分封閉","Partially closed","","map-ui.js","★"
"這條不歸林業署管，我們拿不到即時封閉公告。出發前查一下當地公告，或看看最近的山友回報","This trail isn't managed by the Forestry Agency, so there's no live closure feed. Check local authority notices or recent hiker reports before you go.","","map-ui.js","★"
"還沒走多遠，記錄 30 公尺以上才能原路返回","You haven't gone far yet — record at least 30 m to retrace your route","","outdoor.js","★"
"開始原路返回：照著紫色虛線走回起點","Retracing your route — follow the purple dashed line back to the start","","outdoor.js","★"
"會在天黑後才到，頭燈先拿出來","You'll get back after dark — get your headlamp out now","","outdoor.js","★"
"現在往回走，天黑前回得到起點","Turn back now and you'll reach the start before dark","","outdoor.js","★"
"撥打 112","Call 112","","outdoor.js","★"
"只要有任何一家電信的訊號就能撥 112。打通後先說「我在山上需要救援」，再照著念上面的座標。","You can call 112 with signal from any carrier. When connected, say you're in the mountains and need rescue, then read out the coordinates above.","","outdoor.js","★"
"天黑了，頭燈拿出來，慢慢走","It's dark — get your headlamp out and take it slow","","outdoor.js","★"
"步道","Trail","","index.html achievements.js analytics.js app-boot.js",""
"記錄","Record","","index.html achievements.js app-boot.js app.js",""
"地圖","Map","","index.html app-boot.js app.js appearance.js",""
"路線","Route","","index.html analytics.js app-boot.js app.js",""
"登入","Sign in","","index.html analytics.js app-boot.js app.js",""
"時間","Time","","index.html achievements.js analytics.js app-boot.js",""
"社群","Social","","index.html analytics.js app-boot.js app.js",""
"失敗","Failed","","index.html achievements.js analytics.js app-boot.js",""
"開始","Start","","index.html app-boot.js app.js challenge.js",""
"爬升","Ascent","","index.html achievements.js analytics.js app-boot.js",""
"取消","Cancel","","achievements.js analytics.js app-boot.js app.js",""
"分享","Share","","index.html achievements.js analytics.js app-boot.js",""
"里程","Distance","","index.html achievements.js analytics.js app-boot.js",""
"下載","Download","","index.html achievements.js analytics.js detail.js",""
"完成","Done","","index.html achievements.js analytics.js app-boot.js",""
"小隊","Team","","index.html app-boot.js app.js appearance.js",""
"結束","Finish","","index.html app-boot.js guardian.js map-ui.js",""
"追蹤","Follow","","analytics.js app-boot.js guardian.js discover.js",""
"貼文","Post","","app-boot.js app.js record.js comments.js",""
"關閉","Close","","index.html achievements.js analytics.js app.js",""
"畫面","Display","","index.html achievements.js amenities.js app-boot.js",""
"成就","Achievements","","achievements.js app-boot.js app.js appearance.js",""
"分頁","Trail info","","index.html analytics.js app-boot.js app.js",""
"模擬","Simulated","","index.html app-boot.js app.js explore.js",""
"設定","Settings","","index.html app-boot.js appearance.js conditions.js",""
"海拔","Elevation","","achievements.js analytics.js app-boot.js app.js",""
"收藏","Saved","","index.html achievements.js app-boot.js app.js",""
"隊長","Leader","","me.js record.js teamlive.js teams.js",""
"山友","Hiker","","achievements.js analytics.js app-boot.js detail.js",""
"記錄中","Recording","","index.html app.js detail.js elevation.js",""
"留守","Trip watch","","index.html app-boot.js guardian.js map-ui.js",""
"我的","Me","","index.html analytics.js app-boot.js app.js",""
"解鎖","unlock","","achievements.js analytics.js app-boot.js appearance.js",""
"通知","Notifications","","app-boot.js appearance.js guardian.js native-local-notif.js",""
"全部","All","","index.html achievements.js analytics.js app-boot.js",""
"離線地圖","Offline maps","","index.html app-boot.js detail.js me.js",""
"走過","Walked","","index.html achievements.js analytics.js app-boot.js",""
"暫停","Pause","","index.html app.js elevation.js explore.js",""
"夥伴","Buddy","","index.html achievements.js analytics.js app-boot.js",""
"自由路線","Free route","","analytics.js gpx.js guardian.js me.js",""
"地形","Terrain","","app.js detail.js elevation.js grades.js",""
"篩選","Filter","","index.html achievements.js app.js explore.js",""
"更新","Update","","index.html achievements.js app-boot.js app.js",""
"連續","Streak","","achievements.js app-boot.js app.js appearance.js",""
"分鐘","min","","analytics.js app-boot.js app.js detail.js",""
"準備","Ready","","index.html detail.js pet.js record.js",""
"公尺","m","","analytics.js app.js elevation.js grades.js",""
"帳號","Account","","app-boot.js config.js me.js auth.js",""
"今天","Today","","index.html achievements.js challenge.js detail.js",""
"公里","km","","index.html analytics.js app-boot.js attractions.js",""
"難度","Difficulty","","index.html achievements.js analytics.js app-boot.js",""
"距離","Distance","","amenities.js app.js challenge.js detail.js",""
"刪除","Delete","","dialog.js explore.js me.js review.js",""
"語言","Language","","index.html achievements.js app-boot.js appearance.js",""
"搜尋","Search","","index.html app-boot.js app.js appearance.js",""
"條步道","trails","","achievements.js analytics.js app-boot.js app.js",""
"會員","Membership","","index.html appearance.js config.js detail.js",""
"加入","Join","","app-boot.js detail.js explore.js motion.js",""
"動態","Feed","","index.html achievements.js app-boot.js app.js",""
"目前","Current","","achievements.js analytics.js app.js appearance.js",""
"好友","Friends","","analytics.js app-boot.js app.js appearance.js",""
"附近","Nearby","","index.html amenities.js app-boot.js attractions.js",""
"繼續","Resume","","achievements.js analytics.js app-boot.js app.js",""
"預設","Default","","index.html achievements.js analytics.js app-boot.js",""
"其他","Other","","index.html achievements.js app-boot.js appearance.js",""
"翻譯","Translate","","achievements.js app-boot.js detail.js dialog.js",""
"標籤","Tags","","achievements.js analytics.js app.js appearance.js",""
"天氣","Weather","","index.html app-boot.js app.js detail.js",""
"名稱","Name","","index.html achievements.js app-boot.js app.js",""
"座標","Coordinates","","achievements.js app-boot.js app.js detail.js",""
"速度","Speed","","analytics.js outdoor.js premium.js record.js",""
"比較","Compare","","analytics.js app-boot.js appearance.js detail.js",""
"開啟","Turn on","","app-boot.js app.js appearance.js config.js",""
"放大","Large","","index.html app-boot.js appearance.js detail.js",""
"探索","Explore","","index.html achievements.js analytics.js app-boot.js",""
"排序","Sort","","index.html achievements.js amenities.js app.js",""
"小時","hours","","index.html analytics.js app.js explore.js",""
"起點","Start","","achievements.js analytics.js app.js detail.js",""
"主題","Theme","","index.html app-boot.js appearance.js detail.js",""
"挑戰","Challenging","","index.html achievements.js analytics.js app.js",""
"檢舉","Report","","trail-reports.js discover.js feed.js postview.js",""
"留言","Comments","","app-boot.js motion.js comments.js feed.js",""
"範圍","Range","","index.html app.js detail.js elevation.js",""
"全螢幕","Fullscreen","","achievements.js detail.js explore.js map-ui.js",""
"隊友","Teammate","","index.html app-boot.js map-ui.js teamlive.js",""
"進階","Advanced","","index.html analytics.js explore.js grades.js",""
"導航","Navigate","","app-boot.js app.js detail.js map-ui.js",""
"免費","Free","","app.js config.js detail.js explore.js",""
"完整","Full","","app.js explore.js grades.js map-ui.js",""
"坡度","Grade","","app.js detail.js elevation.js grades.js",""
"送出","Send","","guardian.js me.js trail-reports.js comments.js",""
"公開","Public","","app-boot.js app.js config.js food.js",""
"封鎖","Block","","discover.js profiles.js safety.js",""
"長度","Length","","index.html app.js detail.js elevation.js",""
"工具","Tools","","index.html app-boot.js app.js appearance.js",""
"回到","Back to","","index.html app-boot.js app.js detail.js",""
"返回","Back","","index.html me.js outdoor.js premium.js",""
"古道","Historic","","index.html app-boot.js app.js elevation.js",""
"保留","Keep it","","achievements.js analytics.js app.js detail.js",""
"有人","Someone","","app-boot.js grades.js record.js trail-reports.js",""
"登出","Sign out","","me.js premium.js auth.js profiles.js",""
"日落","Sunset","","index.html app.js outdoor.js record.js",""
"上次","Last","","index.html app-boot.js conditions.js map-ui.js",""
"雲端備份","Cloud backup","","index.html app-boot.js appearance.js config.js",""
"略過","Skip","","app-boot.js app.js appearance.js me.js",""
"同行","Together","","index.html app-boot.js app.js pet.js",""
"清除","Clear","","index.html detail.js dialog.js explore.js",""
"衛星","Satellite","","app.js map-ui.js offline.js premium.js",""
"列表","List","","index.html app-boot.js app.js detail.js",""
"更多","More","","analytics.js detail.js elevation.js pet.js",""
"建立","Create","","app-boot.js map-ui.js premium.js auth.js",""
"下降","Descent","","index.html analytics.js detail.js elevation.js",""
"卡路里","Calories","","index.html analytics.js me.js premium.js",""
"揪團","Events","","index.html appearance.js config.js detail.js",""
"複製","Copy","","analytics.js detail.js guardian.js map-ui.js",""
"周邊","Nearby","","app-boot.js app.js attractions.js detail.js",""
"景點","Attractions","","app.js attractions.js detail.js record.js",""
"鎖定","Lock","","index.html app-boot.js native-live.js premium.js",""
"一般","Moderate","","index.html analytics.js app-boot.js appearance.js",""
"足跡","Map","","index.html app-boot.js appearance.js me.js",""
"傳說","Legend","","achievements.js pet.js",""
"加入碼","Join code","","app-boot.js motion.js teams.js",""
"縮小","Zoom out","","app.js explore.js me.js peaks.js",""
"這條步道","This trail","","app.js detail.js explore.js record.js",""
"森林","Forest","","index.html achievements.js app.js explore.js",""
"親子","Family","","index.html app.js detail.js explore.js",""
"百岳","Top 100 Peaks","","app-boot.js peaks.js record.js year-story.js",""
"開始記錄","Recording started","","app-boot.js detail.js guardian.js map-ui.js",""
"精度","Accuracy","","outdoor.js record.js recorder.js",""
"儲存","Save","","index.html app-boot.js explore.js me.js",""
"累積爬升","Total ascent","","index.html analytics.js detail.js profile.js",""
"深色","Dark","","index.html app-boot.js appearance.js map-ui.js",""
"生態","Ecology","","app-boot.js detail.js ecology.js map-ui.js",""
"進化","Evolve","","app-boot.js me.js pet-art.js pet.js",""
"小隊同行","Team Live","","app-boot.js app.js record.js teamlive.js",""
"解除","Unblock","","app-boot.js conditions.js record.js recorder.js",""
"每日任務","Daily quests","","app-boot.js pet.js storage.js",""
"邀請","Invite","","app-boot.js native-review.js notifications.js profiles.js",""
"鎖定畫面","Lock screen","","index.html app-boot.js native-live.js premium.js",""
"成長","growth","","achievements.js analytics.js me.js pet.js",""
