"中文原文","目前譯文（ja）","建議修正（空白＝沒問題）","出現在","安全相關"
"留守人","留守人","","index.html app-boot.js guardian.js map-ui.js","★"
"預計下山","下山予定","","index.html app-boot.js guardian.js notifications.js","★"
"原路返回","来た道を戻る","","index.html outdoor.js premium.js record.js","★"
"封閉","通行止め","","app-boot.js app.js conditions.js explore.js","★"
"求救卡","SOS カード","","index.html app-boot.js map-ui.js outdoor.js","★"
"天黑倒數","日没カウントダウン","","index.html outdoor.js premium.js record.js","★"
"撥 112","112 に電話","","app-boot.js guardian.js outdoor.js","★"
"體感","体感","","app.js detail.js weather.js","★"
"雷雨","雷雨","","detail.js weather.js","★"
"回報路況","路況を報告","","review.js trail-reports.js","★"
"山友路況回報","山友の路況レポート","","detail.js premium.js trail-reports.js","★"
"天黑了","暗くなりました","","outdoor.js record.js","★"
"結束原路返回","戻りを終える","","outdoor.js","★"
"預計下山時間到了","下山予定の時刻になりました","","guardian.js","★"
"10 分鐘後會通知留守人","10 分後に留守人へ通知します","","guardian.js","★"
"平安下山了","無事に下山しました","","guardian.js notifications.js","★"
"原路返回中","来た道を戻り中","","outdoor.js record.js","★"
"已結束原路返回","戻りを終えました","","outdoor.js","★"
"「留守人」幫你設預計下山時間，超時會通知家人朋友；「求救卡」一頁就有座標和 112。","「留守人」は下山予定時刻を決め、遅れたら友達に知らせます。「救助カード」は座標と 112 を 1 ページに。","","app-boot.js","★"
"出發前設預計下山時間。超過還沒按結束，會通知你指定的好友，也能把行程傳給家人。","出発前に下山予定時刻を決めましょう。それまでに終了しないと指定した友達に通知します。家族に予定を送ることもできます。","","app-boot.js","★"
"迷路或受傷時打開：座標、海拔、一鍵撥 112，照著念就好。","道に迷ったりけがをしたら開いて：座標・標高・112 にワンタップ。読み上げるだけ。","","app-boot.js","★"
"其他收藏步道的路況也有變，到步道頁看看","ほかのお気に入りの路況も変わりました。各ページを確認して","","app-boot.js","★"
"難度、路況、天氣、海拔、會遇到什麼動物、走完去哪吃，都在裡面。","どのカードでも、難易度・路況・天気・標高・生き物・周辺の名所やグルメが見られます。","","app-boot.js","★"
"數字越大越難。等級照林業署的「自然步道使用困難度分級標準」，看海拔、坡度、路況、天候等 10 項來打分","数字が大きいほど難しい。林業署の「自然歩道難易度基準」に沿って、標高・勾配・路面・天候など10項目で採点","","app.js","★"
"午後可能有雷雨，早出早歸","午後に雷雨の可能性。早出早帰りで","","detail.js","★"
"山頂體感最低","山頂の体感最低","","detail.js","★"
"稜線陣風可達","稜線の突風は最大","","detail.js","★"
"開始有點野了：比較偏遠、部分路況差、坡也陡，海拔約 2,000～3,000 公尺，可能要過夜。","少しワイルドに：人里離れ、道が荒れて急な所もあり、標高およそ 2,000〜3,000 m。泊まりになることもあります。","","grades.js","★"
"3,000 公尺以上的偏遠高山，路況差、險段多，三天起跳，建議跟有經驗的人一起去。","標高 3,000 m を超える奥地の高山。道が悪く危険箇所も多く、3日以上かかります。経験者と一緒に行きましょう。","","grades.js","★"
"開始有點野了：比較偏遠、部分路況差、坡也陡，海拔約 2,000～3,000 公尺，可能要過夜","距離が 2,000 ～ 3,000 m ほど離れた場所、荒れた場所、急な場所では、一晩かけて準備する必要がある場合があります。","","grades.js","★"
"3,000 公尺以上的偏遠高山，路況差、險段多，三天起跳，建議跟有經驗的人一起去","人里離れた高山 (3,000 m 以上)、悪条件、多くの危険、3 日以上 - 専門家と一緒に行きましょう。","","grades.js","★"
"平安的話記得按結束。30 分鐘後還沒結束，會通知你的留守人","無事なら「終了」を押してね。30 分たっても終了していないと留守人に通知します","","guardian.js","★"
"已通知系統你平安下山，留守結束","無事に下山したことを記録しました。留守を終了します","","guardian.js","★"
"預計下山改成","下山予定を変更","","guardian.js","★"
"取消留守？留守人就不會在你超時的時候收到通知。","留守を取り消しますか？遅れても留守人に通知されなくなります。","","guardian.js","★"
"預計下山時間到了。平安的話記得按結束","下山予定の時刻です。無事なら「終了」を押してね","","guardian.js","★"
"10 分鐘後會通知留守人。還在走的話先延後","10 分後に留守人へ通知します。まだ歩いているなら延ばしてね","","guardian.js","★"
"已經通知留守人了。平安的話按結束，他們會收到你平安下山","留守人に通知しました。無事なら「終了」を押すと、下山したことが伝わります","","guardian.js","★"
"超過時間了，%d 分鐘後通知留守人","予定を過ぎました。%d 分後に留守人へ通知","","guardian.js","★"
"只提醒你自己（沒有雲端留守人）","自分へのお知らせのみ（留守人なし）","","guardian.js","★"
"我今天去走「%t」，預計%w 下山。","今日は「%t」を歩きます。下山予定は%w です。","","guardian.js","★"
"我今天去爬山，預計%w 下山。","今日は山へ行きます。下山予定は%w です。","","guardian.js","★"
"超過時間還沒消息，先打給我；聯絡不上請撥 112。","時間を過ぎても連絡がなければ、まず電話して。つながらなければ 112 に電話してね。","","guardian.js","★"
"設定預計下山時間。超過 30 分鐘還沒按結束，會通知你的留守人，附上你最後的位置。","下山予定時刻を決めましょう。30 分過ぎても「終了」を押さないと、最後の位置を添えて留守人に通知します。","","guardian.js","★"
"登入社群就能指定好友當留守人。也可以用下面的按鈕把行程傳給家人。","コミュニティにログインすると友達を留守人に指定できます。下のボタンで家族に予定を送ることもできます。","","guardian.js","★"
"留守人最多 5 位","留守人は最大 5 人です","","guardian.js","★"
"預計下山時間要在現在之後","下山予定は今より後の時刻にしてね","","guardian.js","★"
"先打電話或傳訊息給他。聯絡不上、又過了一段時間，請撥 112，把步道名稱和最後位置告訴消防局。","まず電話かメッセージで連絡してみて。しばらくしてもつながらなければ 112 に電話して、コース名と最後の位置を伝えてください。","","guardian.js","★"
"無官方即時路況資料","公式のリアルタイム情報なし","","map-ui.js","★"
"目前無封閉公告，通行正常","閉鎖の告知なし・通行可能","","map-ui.js","★"
"資料來源：林業及自然保育署即時路況","出典：台湾林業署ライブトレイル状況","","map-ui.js","★"
"部分封閉","一部閉鎖","","map-ui.js","★"
"這條不歸林業署管，我們拿不到即時封閉公告。出發前查一下當地公告，或看看最近的山友回報","このトレイルは台湾林業署によって管理されていないため、ライブ閉鎖フィードはありません。行く前に、地方自治体の通知や最近のハイカーレポートを確認してください。","","map-ui.js","★"
"還沒走多遠，記錄 30 公尺以上才能原路返回","まだあまり歩いていません。30 m 以上記録すると来た道を戻れます","","outdoor.js","★"
"開始原路返回：照著紫色虛線走回起點","来た道を戻ります。紫の点線をたどってスタート地点へ","","outdoor.js","★"
"會在天黑後才到，頭燈先拿出來","暗くなってから着きます。ヘッドランプを出しておこう","","outdoor.js","★"
"現在往回走，天黑前回得到起點","今引き返せば暗くなる前にスタートに戻れます","","outdoor.js","★"
"撥打 112","112 に電話","","outdoor.js","★"
"只要有任何一家電信的訊號就能撥 112。打通後先說「我在山上需要救援」，再照著念上面的座標。","どの通信会社の電波でも 112 にかけられます。つながったら「山で救助が必要です」と伝え、上の座標を読み上げてください。","","outdoor.js","★"
"天黑了，頭燈拿出來，慢慢走","暗くなりました。ヘッドライトを出して、ゆっくり","","outdoor.js","★"
"步道","トレイル","","index.html achievements.js analytics.js app-boot.js",""
"記錄","記録","","index.html achievements.js app-boot.js app.js",""
"地圖","地図","","index.html app-boot.js app.js appearance.js",""
"路線","ルート","","index.html analytics.js app-boot.js app.js",""
"登入","ログイン","","index.html analytics.js app-boot.js app.js",""
"時間","時間","","index.html achievements.js analytics.js app-boot.js",""
"社群","交流","","index.html analytics.js app-boot.js app.js",""
"失敗","失敗した","","index.html achievements.js analytics.js app-boot.js",""
"開始","開始","","index.html app-boot.js app.js challenge.js",""
"爬升","上り","","index.html achievements.js analytics.js app-boot.js",""
"取消","キャンセル","","achievements.js analytics.js app-boot.js app.js",""
"分享","シェア","","index.html achievements.js analytics.js app-boot.js",""
"里程","距離","","index.html achievements.js analytics.js app-boot.js",""
"下載","ダウンロード","","index.html achievements.js analytics.js detail.js",""
"完成","完了","","index.html achievements.js analytics.js app-boot.js",""
"小隊","チーム","","index.html app-boot.js app.js appearance.js",""
"結束","終了","","index.html app-boot.js guardian.js map-ui.js",""
"追蹤","フォロー","","analytics.js app-boot.js guardian.js discover.js",""
"貼文","投稿","","app-boot.js app.js record.js comments.js",""
"關閉","閉じる","","index.html achievements.js analytics.js app.js",""
"畫面","画面","","index.html achievements.js amenities.js app-boot.js",""
"成就","実績","","achievements.js app-boot.js app.js appearance.js",""
"分頁","ルート情報","","index.html analytics.js app-boot.js app.js",""
"模擬","シミュレートされた","","index.html app-boot.js app.js explore.js",""
"設定","設定","","index.html app-boot.js appearance.js conditions.js",""
"海拔","標高","","achievements.js analytics.js app-boot.js app.js",""
"收藏","お気に入り","","index.html achievements.js app-boot.js app.js",""
"隊長","リーダー","","me.js record.js teamlive.js teams.js",""
"山友","ハイカー","","achievements.js analytics.js app-boot.js detail.js",""
"記錄中","記録中","","index.html app.js detail.js elevation.js",""
"留守","留守","","index.html app-boot.js guardian.js map-ui.js",""
"我的","マイページ","","index.html analytics.js app-boot.js app.js",""
"解鎖","解除","","achievements.js analytics.js app-boot.js appearance.js",""
"通知","通知","","app-boot.js appearance.js guardian.js native-local-notif.js",""
"全部","すべて","","index.html achievements.js analytics.js app-boot.js",""
"離線地圖","オフライン地図","","index.html app-boot.js detail.js me.js",""
"走過","歩いた","","index.html achievements.js analytics.js app-boot.js",""
"暫停","一時停止","","index.html app.js elevation.js explore.js",""
"夥伴","相棒","","index.html achievements.js analytics.js app-boot.js",""
"自由路線","フリールート","","analytics.js gpx.js guardian.js me.js",""
"地形","地形","","app.js detail.js elevation.js grades.js",""
"篩選","絞り込み","","index.html achievements.js app.js explore.js",""
"更新","更新","","index.html achievements.js app-boot.js app.js",""
"連續","連続","","achievements.js app-boot.js app.js appearance.js",""
"分鐘","分","","analytics.js app-boot.js app.js detail.js",""
"準備","準備OK","","index.html detail.js pet.js record.js",""
"公尺","m","","analytics.js app.js elevation.js grades.js",""
"帳號","アカウント","","app-boot.js config.js me.js auth.js",""
"今天","今日","","index.html achievements.js challenge.js detail.js",""
"公里","km","","index.html analytics.js app-boot.js attractions.js",""
"難度","難易度","","index.html achievements.js analytics.js app-boot.js",""
"距離","距離","","amenities.js app.js challenge.js detail.js",""
"刪除","削除","","dialog.js explore.js me.js review.js",""
"語言","言語","","index.html achievements.js app-boot.js appearance.js",""
"搜尋","検索","","index.html app-boot.js app.js appearance.js",""
"條步道","コース","","achievements.js analytics.js app-boot.js app.js",""
"會員","メンバーシップ","","index.html appearance.js config.js detail.js",""
"加入","参加","","app-boot.js detail.js explore.js motion.js",""
"動態","フィード","","index.html achievements.js app-boot.js app.js",""
"目前","現在","","achievements.js analytics.js app.js appearance.js",""
"好友","友だち","","analytics.js app-boot.js app.js appearance.js",""
"附近","近く","","index.html amenities.js app-boot.js attractions.js",""
"繼續","再開","","achievements.js analytics.js app-boot.js app.js",""
"預設","デフォルト","","index.html achievements.js analytics.js app-boot.js",""
"其他","他の","","index.html achievements.js app-boot.js appearance.js",""
"翻譯","翻訳","","achievements.js app-boot.js detail.js dialog.js",""
"標籤","タグ","","achievements.js analytics.js app.js appearance.js",""
"天氣","天気","","index.html app-boot.js app.js detail.js",""
"名稱","名前","","index.html achievements.js app-boot.js app.js",""
"座標","座標","","achievements.js app-boot.js app.js detail.js",""
"速度","スピード","","analytics.js outdoor.js premium.js record.js",""
"比較","比較する","","analytics.js app-boot.js appearance.js detail.js",""
"開啟","オンにする","","app-boot.js app.js appearance.js config.js",""
"放大","大","","index.html app-boot.js appearance.js detail.js",""
"探索","探索","","index.html achievements.js analytics.js app-boot.js",""
"排序","並び替え","","index.html achievements.js amenities.js app.js",""
"小時","時間","","index.html analytics.js app.js explore.js",""
"起點","起点","","achievements.js analytics.js app.js detail.js",""
"主題","テーマ","","index.html app-boot.js appearance.js detail.js",""
"挑戰","上級","","index.html achievements.js analytics.js app.js",""
"檢舉","通報","","trail-reports.js discover.js feed.js postview.js",""
"留言","コメント","","app-boot.js motion.js comments.js feed.js",""
"範圍","範囲","","index.html app.js detail.js elevation.js",""
"全螢幕","全画面表示","","achievements.js detail.js explore.js map-ui.js",""
"隊友","仲間","","index.html app-boot.js map-ui.js teamlive.js",""
"進階","中級","","index.html analytics.js explore.js grades.js",""
"導航","ナビ","","app-boot.js app.js detail.js map-ui.js",""
"免費","無料","","app.js config.js detail.js explore.js",""
"完整","フル","","app.js explore.js grades.js map-ui.js",""
"坡度","勾配","","app.js detail.js elevation.js grades.js",""
"送出","送信","","guardian.js me.js trail-reports.js comments.js",""
"公開","公開","","app-boot.js app.js config.js food.js",""
"封鎖","ブロック","","discover.js profiles.js safety.js",""
"長度","距離","","index.html app.js detail.js elevation.js",""
"工具","ツール","","index.html app-boot.js app.js appearance.js",""
"回到","戻る：","","index.html app-boot.js app.js detail.js",""
"返回","戻る","","index.html me.js outdoor.js premium.js",""
"古道","歴史的な","","index.html app-boot.js app.js elevation.js",""
"保留","残す","","achievements.js analytics.js app.js detail.js",""
"有人","誰か","","app-boot.js grades.js record.js trail-reports.js",""
"登出","ログアウト","","me.js premium.js auth.js profiles.js",""
"日落","日没","","index.html app.js outdoor.js record.js",""
"上次","最後","","index.html app-boot.js conditions.js map-ui.js",""
"雲端備份","クラウドバックアップ","","index.html app-boot.js appearance.js config.js",""
"略過","スキップ","","app-boot.js app.js appearance.js me.js",""
"同行","同行","","index.html app-boot.js app.js pet.js",""
"清除","消去","","index.html detail.js dialog.js explore.js",""
"衛星","衛星","","app.js map-ui.js offline.js premium.js",""
"列表","リスト","","index.html app-boot.js app.js detail.js",""
"更多","その他","","analytics.js detail.js elevation.js pet.js",""
"建立","作成","","app-boot.js map-ui.js premium.js auth.js",""
"下降","下り","","index.html analytics.js detail.js elevation.js",""
"卡路里","カロリー","","index.html analytics.js me.js premium.js",""
"揪團","イベント","","index.html appearance.js config.js detail.js",""
"複製","コピー","","analytics.js detail.js guardian.js map-ui.js",""
"周邊","周辺","","app-boot.js app.js attractions.js detail.js",""
"景點","観光スポット","","app.js attractions.js detail.js record.js",""
"鎖定","ロック","","index.html app-boot.js native-live.js premium.js",""
"一般","ふつう","","index.html analytics.js app-boot.js appearance.js",""
"足跡","足あと","","index.html app-boot.js appearance.js me.js",""
"傳說","伝説","","achievements.js pet.js",""
"加入碼","参加コード","","app-boot.js motion.js teams.js",""
"縮小","縮小","","app.js explore.js me.js peaks.js",""
"這條步道","このコース","","app.js detail.js explore.js record.js",""
"森林","森","","index.html achievements.js app.js explore.js",""
"親子","家族","","index.html app.js detail.js explore.js",""
"百岳","百岳","","app-boot.js peaks.js record.js year-story.js",""
"開始記錄","記録開始","","app-boot.js detail.js guardian.js map-ui.js",""
"精度","精度","","outdoor.js record.js recorder.js",""
"儲存","保存","","index.html app-boot.js explore.js me.js",""
"累積爬升","累積上昇","","index.html analytics.js detail.js profile.js",""
"深色","ダーク","","index.html app-boot.js appearance.js map-ui.js",""
"生態","生き物","","app-boot.js detail.js ecology.js map-ui.js",""
"進化","進化","","app-boot.js me.js pet-art.js pet.js",""
"小隊同行","チームライブ","","app-boot.js app.js record.js teamlive.js",""
"解除","解除","","app-boot.js conditions.js record.js recorder.js",""
"每日任務","デイリーミッション","","app-boot.js pet.js storage.js",""
"邀請","招待","","app-boot.js native-review.js notifications.js profiles.js",""
"鎖定畫面","画面ロック","","index.html app-boot.js native-live.js premium.js",""
"成長","成長","","achievements.js analytics.js me.js pet.js",""
