"中文原文","目前譯文（ko）","建議修正（空白＝沒問題）","出現在","安全相關"
"留守人","안전 연락인","","index.html app-boot.js guardian.js map-ui.js","★"
"預計下山","하산 예정","","index.html app-boot.js guardian.js notifications.js","★"
"原路返回","왔던 길로","","index.html outdoor.js premium.js record.js","★"
"封閉","폐쇄","","app-boot.js app.js conditions.js explore.js","★"
"求救卡","SOS 카드","","index.html app-boot.js map-ui.js outdoor.js","★"
"天黑倒數","일몰 카운트다운","","index.html outdoor.js premium.js record.js","★"
"撥 112","112에 전화","","app-boot.js guardian.js outdoor.js","★"
"體感","체감","","app.js detail.js weather.js","★"
"雷雨","뇌우","","detail.js weather.js","★"
"回報路況","길 상태 제보","","review.js trail-reports.js","★"
"山友路況回報","산친구 노면 제보","","detail.js premium.js trail-reports.js","★"
"天黑了","해 졌어요","","outdoor.js record.js","★"
"結束原路返回","되돌아가기 끝","","outdoor.js","★"
"預計下山時間到了","하산 예정 시간이에요","","guardian.js","★"
"10 分鐘後會通知留守人","10분 뒤 안전 연락인에게 알려요","","guardian.js","★"
"平安下山了","무사히 하산했어요","","guardian.js notifications.js","★"
"原路返回中","되돌아가는 중","","outdoor.js record.js","★"
"已結束原路返回","되돌아가기를 끝냈어요","","outdoor.js","★"
"「留守人」幫你設預計下山時間，超時會通知家人朋友；「求救卡」一頁就有座標和 112。","‘안전 연락인’은 하산 시간을 정하고 늦으면 친구에게 알려요. ‘구조 카드’는 좌표와 112를 한 페이지에 보여 줘요.","","app-boot.js","★"
"出發前設預計下山時間。超過還沒按結束，會通知你指定的好友，也能把行程傳給家人。","출발 전에 하산 시간을 정하세요. 그때까지 종료하지 않으면 지정한 친구에게 알리고, 가족에게 일정을 보낼 수도 있어요.","","app-boot.js","★"
"迷路或受傷時打開：座標、海拔、一鍵撥 112，照著念就好。","길을 잃거나 다쳤을 때 열어요. 좌표·고도·112 원터치, 그대로 읽으면 돼요.","","app-boot.js","★"
"其他收藏步道的路況也有變，到步道頁看看","다른 저장 등산로도 상태가 바뀌었어요 — 확인해 보세요","","app-boot.js","★"
"難度、路況、天氣、海拔、會遇到什麼動物、走完去哪吃，都在裡面。","아무 카드나 눌러 난이도, 길 상태, 날씨, 고도, 생물, 주변 명소와 맛집을 볼 수 있어요.","","app-boot.js","★"
"數字越大越難。等級照林業署的「自然步道使用困難度分級標準」，看海拔、坡度、路況、天候等 10 項來打分","숫자가 클수록 어려워요. 대만 임업보육서 기준에 따라 고도·경사·노면·날씨 등 10개 항목으로 매겨요","","app.js","★"
"午後可能有雷雨，早出早歸","오후 뇌우 가능성 — 일찍 출발, 일찍 하산","","detail.js","★"
"山頂體感最低","정상 체감 최저","","detail.js","★"
"稜線陣風可達","능선 돌풍 최대","","detail.js","★"
"開始有點野了：比較偏遠、部分路況差、坡也陡，海拔約 2,000～3,000 公尺，可能要過夜。","조금 험해져요: 외진 곳이고 길이 거칠고 가파른 구간도 있으며 해발 약 2,000~3,000m — 1박이 필요할 수 있어요.","","grades.js","★"
"3,000 公尺以上的偏遠高山，路況差、險段多，三天起跳，建議跟有經驗的人一起去。","해발 3,000m 이상의 외진 고산, 길이 험하고 위험 구간이 많으며 사흘 이상 — 경험 많은 사람과 함께 가세요.","","grades.js","★"
"開始有點野了：比較偏遠、部分路況差、坡也陡，海拔約 2,000～3,000 公尺，可能要過夜","2,000~3,000m에 달하는 더 먼 곳, 더 거칠고 가파른 곳에서는 밤새 준비가 필요할 수 있습니다.","","grades.js","★"
"3,000 公尺以上的偏遠高山，路況差、險段多，三天起跳，建議跟有經驗的人一起去","멀리 떨어진 높은 산(3,000m 이상), 열악한 조건, 많은 위험, 3일 이상 — 전문가와 함께 하세요.","","grades.js","★"
"平安的話記得按結束。30 分鐘後還沒結束，會通知你的留守人","무사하면 종료를 눌러 주세요. 30분 안에 종료하지 않으면 안전 연락인에게 알려요","","guardian.js","★"
"已通知系統你平安下山，留守結束","무사히 하산했다고 알렸어요. 안전 확인을 마칩니다","","guardian.js","★"
"預計下山改成","하산 예정 변경","","guardian.js","★"
"取消留守？留守人就不會在你超時的時候收到通知。","안전 확인을 취소할까요? 늦어져도 연락인에게 알리지 않아요.","","guardian.js","★"
"預計下山時間到了。平安的話記得按結束","하산 예정 시간이에요. 무사하면 종료를 눌러 주세요","","guardian.js","★"
"10 分鐘後會通知留守人。還在走的話先延後","10분 뒤 연락인에게 알려요. 아직 걷는 중이면 시간을 늦춰 주세요","","guardian.js","★"
"已經通知留守人了。平安的話按結束，他們會收到你平安下山","연락인에게 알렸어요. 무사하면 종료를 누르세요. 하산했다고 전해져요","","guardian.js","★"
"超過時間了，%d 分鐘後通知留守人","시간이 지났어요. %d분 뒤 연락인에게 알림","","guardian.js","★"
"只提醒你自己（沒有雲端留守人）","본인 알림만 (연락인 없음)","","guardian.js","★"
"我今天去走「%t」，預計%w 下山。","오늘 “%t”에 가요. %w 하산 예정이에요.","","guardian.js","★"
"我今天去爬山，預計%w 下山。","오늘 산에 가요. %w 하산 예정이에요.","","guardian.js","★"
"超過時間還沒消息，先打給我；聯絡不上請撥 112。","그때까지 연락이 없으면 먼저 전화해 줘. 연결이 안 되면 112로 전화해 줘.","","guardian.js","★"
"設定預計下山時間。超過 30 分鐘還沒按結束，會通知你的留守人，附上你最後的位置。","하산 예정 시간을 정하세요. 30분이 지나도 종료하지 않으면 마지막 위치와 함께 연락인에게 알려요.","","guardian.js","★"
"登入社群就能指定好友當留守人。也可以用下面的按鈕把行程傳給家人。","커뮤니티에 로그인하면 친구를 연락인으로 지정할 수 있어요. 아래 버튼으로 가족에게 일정을 보낼 수도 있어요.","","guardian.js","★"
"留守人最多 5 位","연락인은 최대 5명이에요","","guardian.js","★"
"預計下山時間要在現在之後","하산 예정 시간은 지금 이후여야 해요","","guardian.js","★"
"先打電話或傳訊息給他。聯絡不上、又過了一段時間，請撥 112，把步道名稱和最後位置告訴消防局。","먼저 전화나 메시지를 해 보세요. 한참 지나도 연락이 안 되면 112에 전화해 코스 이름과 마지막 위치를 알려 주세요.","","guardian.js","★"
"無官方即時路況資料","공식 실시간 정보 없음","","map-ui.js","★"
"目前無封閉公告，通行正常","폐쇄 공지 없음 · 정상 통행","","map-ui.js","★"
"資料來源：林業及自然保育署即時路況","출처 : 대만 임업보육서 라이브 트레일 현황","","map-ui.js","★"
"部分封閉","부분적으로 폐쇄됨","","map-ui.js","★"
"這條不歸林業署管，我們拿不到即時封閉公告。出發前查一下當地公告，或看看最近的山友回報","이 트레일은 대만 임업보육서에서 관리하지 않으므로 실시간 폐쇄 피드가 없습니다. 가기 전에 지역 당국 공지나 최근 등산객 보고서를 확인하세요.","","map-ui.js","★"
"還沒走多遠，記錄 30 公尺以上才能原路返回","아직 많이 안 걸었어요 — 30m 이상 기록해야 왔던 길로 돌아갈 수 있어요","","outdoor.js","★"
"開始原路返回：照著紫色虛線走回起點","왔던 길로 돌아가요 — 보라색 점선을 따라 출발점으로","","outdoor.js","★"
"會在天黑後才到，頭燈先拿出來","해 진 뒤에 도착해요 — 헤드랜턴을 미리 꺼내 두세요","","outdoor.js","★"
"現在往回走，天黑前回得到起點","지금 돌아가면 해 지기 전에 출발점에 도착해요","","outdoor.js","★"
"撥打 112","112에 전화","","outdoor.js","★"
"只要有任何一家電信的訊號就能撥 112。打通後先說「我在山上需要救援」，再照著念上面的座標。","어느 통신사 신호든 잡히면 112에 걸 수 있어요. 연결되면 산에서 구조가 필요하다고 말한 뒤 위 좌표를 읽어 주세요.","","outdoor.js","★"
"天黑了，頭燈拿出來，慢慢走","어두워졌어요. 헤드램프 켜고 천천히","","outdoor.js","★"
"步道","등산로","","index.html achievements.js analytics.js app-boot.js",""
"記錄","기록","","index.html achievements.js app-boot.js app.js",""
"地圖","지도","","index.html app-boot.js app.js appearance.js",""
"路線","경로","","index.html analytics.js app-boot.js app.js",""
"登入","로그인","","index.html analytics.js app-boot.js app.js",""
"時間","시간","","index.html achievements.js analytics.js app-boot.js",""
"社群","커뮤니티","","index.html analytics.js app-boot.js app.js",""
"失敗","실패한","","index.html achievements.js analytics.js app-boot.js",""
"開始","시작","","index.html app-boot.js app.js challenge.js",""
"爬升","오르막","","index.html achievements.js analytics.js app-boot.js",""
"取消","취소","","achievements.js analytics.js app-boot.js app.js",""
"分享","공유","","index.html achievements.js analytics.js app-boot.js",""
"里程","거리","","index.html achievements.js analytics.js app-boot.js",""
"下載","다운로드","","index.html achievements.js analytics.js detail.js",""
"完成","완료","","index.html achievements.js analytics.js app-boot.js",""
"小隊","팀","","index.html app-boot.js app.js appearance.js",""
"結束","종료","","index.html app-boot.js guardian.js map-ui.js",""
"追蹤","팔로우","","analytics.js app-boot.js guardian.js discover.js",""
"貼文","게시물","","app-boot.js app.js record.js comments.js",""
"關閉","닫기","","index.html achievements.js analytics.js app.js",""
"畫面","화면","","index.html achievements.js amenities.js app-boot.js",""
"成就","업적","","achievements.js app-boot.js app.js appearance.js",""
"分頁","코스 정보","","index.html analytics.js app-boot.js app.js",""
"模擬","시뮬레이션","","index.html app-boot.js app.js explore.js",""
"設定","설정","","index.html app-boot.js appearance.js conditions.js",""
"海拔","고도","","achievements.js analytics.js app-boot.js app.js",""
"收藏","즐겨찾기","","index.html achievements.js app-boot.js app.js",""
"隊長","팀장","","me.js record.js teamlive.js teams.js",""
"山友","산친구","","achievements.js analytics.js app-boot.js detail.js",""
"記錄中","녹음","","index.html app.js detail.js elevation.js",""
"留守","안전 확인","","index.html app-boot.js guardian.js map-ui.js",""
"我的","내 정보","","index.html analytics.js app-boot.js app.js",""
"解鎖","달성까지","","achievements.js analytics.js app-boot.js appearance.js",""
"通知","알림","","app-boot.js appearance.js guardian.js native-local-notif.js",""
"全部","전체","","index.html achievements.js analytics.js app-boot.js",""
"離線地圖","오프라인 지도","","index.html app-boot.js detail.js me.js",""
"走過","걸어 봄","","index.html achievements.js analytics.js app-boot.js",""
"暫停","일시정지","","index.html app.js elevation.js explore.js",""
"夥伴","파트너","","index.html achievements.js analytics.js app-boot.js",""
"自由路線","자유 경로","","analytics.js gpx.js guardian.js me.js",""
"地形","지역","","app.js detail.js elevation.js grades.js",""
"篩選","필터","","index.html achievements.js app.js explore.js",""
"更新","업데이트","","index.html achievements.js app-boot.js app.js",""
"連續","연속","","achievements.js app-boot.js app.js appearance.js",""
"分鐘","분","","analytics.js app-boot.js app.js detail.js",""
"準備","준비","","index.html detail.js pet.js record.js",""
"公尺","m","","analytics.js app.js elevation.js grades.js",""
"帳號","계정","","app-boot.js config.js me.js auth.js",""
"今天","오늘","","index.html achievements.js challenge.js detail.js",""
"公里","km","","index.html analytics.js app-boot.js attractions.js",""
"難度","난이도","","index.html achievements.js analytics.js app-boot.js",""
"距離","거리","","amenities.js app.js challenge.js detail.js",""
"刪除","삭제","","dialog.js explore.js me.js review.js",""
"語言","언어","","index.html achievements.js app-boot.js appearance.js",""
"搜尋","검색","","index.html app-boot.js app.js appearance.js",""
"條步道","산책로","","achievements.js analytics.js app-boot.js app.js",""
"會員","회원","","index.html appearance.js config.js detail.js",""
"加入","가입하다","","app-boot.js detail.js explore.js motion.js",""
"動態","밥을 먹이다","","index.html achievements.js app-boot.js app.js",""
"目前","현재의","","achievements.js analytics.js app.js appearance.js",""
"好友","친구","","analytics.js app-boot.js app.js appearance.js",""
"附近","근처","","index.html amenities.js app-boot.js attractions.js",""
"繼續","계속","","achievements.js analytics.js app-boot.js app.js",""
"預設","기본","","index.html achievements.js analytics.js app-boot.js",""
"其他","다른","","index.html achievements.js app-boot.js appearance.js",""
"翻譯","번역","","achievements.js app-boot.js detail.js dialog.js",""
"標籤","태그","","achievements.js analytics.js app.js appearance.js",""
"天氣","날씨","","index.html app-boot.js app.js detail.js",""
"名稱","이름","","index.html achievements.js app-boot.js app.js",""
"座標","좌표","","achievements.js app-boot.js app.js detail.js",""
"速度","속도","","analytics.js outdoor.js premium.js record.js",""
"比較","비교하다","","analytics.js app-boot.js appearance.js detail.js",""
"開啟","켜기","","app-boot.js app.js appearance.js config.js",""
"放大","크게","","index.html app-boot.js appearance.js detail.js",""
"探索","탐색","","index.html achievements.js analytics.js app-boot.js",""
"排序","정렬","","index.html achievements.js amenities.js app.js",""
"小時","시간","","index.html analytics.js app.js explore.js",""
"起點","시작","","achievements.js analytics.js app.js detail.js",""
"主題","테마","","index.html app-boot.js appearance.js detail.js",""
"挑戰","상급","","index.html achievements.js analytics.js app.js",""
"檢舉","보고서","","trail-reports.js discover.js feed.js postview.js",""
"留言","댓글","","app-boot.js motion.js comments.js feed.js",""
"範圍","범위","","index.html app.js detail.js elevation.js",""
"全螢幕","전체 화면","","achievements.js detail.js explore.js map-ui.js",""
"隊友","팀원","","index.html app-boot.js map-ui.js teamlive.js",""
"進階","중급","","index.html analytics.js explore.js grades.js",""
"導航","탐색","","app-boot.js app.js detail.js map-ui.js",""
"免費","무료","","app.js config.js detail.js explore.js",""
"完整","가득한","","app.js explore.js grades.js map-ui.js",""
"坡度","경사","","app.js detail.js elevation.js grades.js",""
"送出","보내기","","guardian.js me.js trail-reports.js comments.js",""
"公開","전체 공개","","app-boot.js app.js config.js food.js",""
"封鎖","차단","","discover.js profiles.js safety.js",""
"長度","거리","","index.html app.js detail.js elevation.js",""
"工具","도구","","index.html app-boot.js app.js appearance.js",""
"回到","돌아가기:","","index.html app-boot.js app.js detail.js",""
"返回","뒤로","","index.html me.js outdoor.js premium.js",""
"古道","역사적인","","index.html app-boot.js app.js elevation.js",""
"保留","유지","","achievements.js analytics.js app.js detail.js",""
"有人","누구","","app-boot.js grades.js record.js trail-reports.js",""
"登出","로그아웃","","me.js premium.js auth.js profiles.js",""
"日落","일몰","","index.html app.js outdoor.js record.js",""
"上次","마지막","","index.html app-boot.js conditions.js map-ui.js",""
"雲端備份","클라우드 백업","","index.html app-boot.js appearance.js config.js",""
"略過","건너뛰기","","app-boot.js app.js appearance.js me.js",""
"同行","동행","","index.html app-boot.js app.js pet.js",""
"清除","지우기","","index.html detail.js dialog.js explore.js",""
"衛星","위성","","app.js map-ui.js offline.js premium.js",""
"列表","목록","","index.html app-boot.js app.js detail.js",""
"更多","더보기","","analytics.js detail.js elevation.js pet.js",""
"建立","만들다","","app-boot.js map-ui.js premium.js auth.js",""
"下降","내리막","","index.html analytics.js detail.js elevation.js",""
"卡路里","칼로리","","index.html analytics.js me.js premium.js",""
"揪團","모임","","index.html appearance.js config.js detail.js",""
"複製","복사","","analytics.js detail.js guardian.js map-ui.js",""
"周邊","주변","","app-boot.js app.js attractions.js detail.js",""
"景點","명소","","app.js attractions.js detail.js record.js",""
"鎖定","잠금","","index.html app-boot.js native-live.js premium.js",""
"一般","보통","","index.html analytics.js app-boot.js appearance.js",""
"足跡","발자취","","index.html app-boot.js appearance.js me.js",""
"傳說","전설","","achievements.js pet.js",""
"加入碼","가입 코드","","app-boot.js motion.js teams.js",""
"縮小","축소","","app.js explore.js me.js peaks.js",""
"這條步道","이 길","","app.js detail.js explore.js record.js",""
"森林","숲","","index.html achievements.js app.js explore.js",""
"親子","가족","","index.html app.js detail.js explore.js",""
"百岳","백악","","app-boot.js peaks.js record.js year-story.js",""
"開始記錄","기록 시작","","app-boot.js detail.js guardian.js map-ui.js",""
"精度","정확도","","outdoor.js record.js recorder.js",""
"儲存","저장","","index.html app-boot.js explore.js me.js",""
"累積爬升","총 상승","","index.html analytics.js detail.js profile.js",""
"深色","어두운","","index.html app-boot.js appearance.js map-ui.js",""
"生態","생태","","app-boot.js detail.js ecology.js map-ui.js",""
"進化","진화","","app-boot.js me.js pet-art.js pet.js",""
"小隊同行","팀 라이브","","app-boot.js app.js record.js teamlive.js",""
"解除","해제","","app-boot.js conditions.js record.js recorder.js",""
"每日任務","일일 미션","","app-boot.js pet.js storage.js",""
"邀請","초대하다","","app-boot.js native-review.js notifications.js profiles.js",""
"鎖定畫面","화면 잠금","","index.html app-boot.js native-live.js premium.js",""
"成長","성장","","achievements.js analytics.js me.js pet.js",""
